{"cameraMode":{"drawMode":0,"name":"Shaded","section":"Shading Mode"},"sceneLighting":false,"audioPlay":false,"sceneViewState":{"showFog":true,"showMaterialUpdate":false,"showSkybox":false,"showFlares":true,"showImageEffects":true,"showParticleSystems":true},"in2DMode":false,"pivot":{"x":-1.6480324268341065,"y":1.7200000286102296,"z":9.959070205688477},"rotation":{"x":0.3906550109386444,"y":-0.015180709771811962,"z":0.006465665064752102,"w":0.9204000234603882},"size":36.34212875366211,"orthographic":false}