{"cameraMode":{"drawMode":0,"name":"Shaded","section":"Shading Mode"},"sceneLighting":false,"audioPlay":false,"sceneViewState":{"showFog":true,"showMaterialUpdate":false,"showSkybox":true,"showFlares":true,"showImageEffects":true,"showParticleSystems":true},"in2DMode":false,"pivot":{"x":-0.880638062953949,"y":1.100000023841858,"z":-9.459512710571289},"rotation":{"x":-0.7145371437072754,"y":-0.0029771393164992334,"z":0.0027179447934031488,"w":-0.6996827721595764},"size":28.99656867980957,"orthographic":true}